{"slab_1_aimd": -79.8021386085879, "slab_2_aimd": -66.52118472219888, "slab_3_aimd": -53.198357157254435, "slab_4_aimd": -39.84226338196681, "slab_5_aimd": -26.546471259413895, "slab_6_aimd": -79.84110801261235, "slab_7_aimd": -66.50990262471399, "slab_8_aimd": -53.24911878499928, "slab_9_aimd": -39.828345792515634, "slab_10_aimd": -26.55824478045425}