{
    "RPBE": [
        2102.605222,
        8.11583,
        8.090063,
        -0.156307,
        -8.987998,
        -9.041255
    ],
    "PBE": [
        2124.621543,
        10.41495,
        10.407241,
        -0.112033,
        -8.393536,
        -8.421321
    ],
    "RPBE-D3": [
        2102.525077,
        8.119724,
        8.093883,
        -0.15635,
        -8.980121,
        -9.033603
    ],
    "PBE-D3": [
        2124.611448,
        10.42889,
        10.421217,
        -0.112043,
        -8.381965,
        -8.40972
    ],
    "BEEF-vdW": [
        2124.444104,
        13.233961,
        13.227967,
        -0.096825,
        -8.731998,
        -8.756008
    ]
}